CREATE DATABASE  IF NOT EXISTS `sys_venta` /*!40100 DEFAULT CHARACTER SET utf8mb4 COLLATE utf8mb4_0900_ai_ci */ /*!80016 DEFAULT ENCRYPTION='N' */;
USE `sys_venta`;
-- MySQL dump 10.13  Distrib 8.0.32, for Win64 (x86_64)
--
-- Host: localhost    Database: sys_venta
-- ------------------------------------------------------
-- Server version	8.0.32

/*!40101 SET @OLD_CHARACTER_SET_CLIENT=@@CHARACTER_SET_CLIENT */;
/*!40101 SET @OLD_CHARACTER_SET_RESULTS=@@CHARACTER_SET_RESULTS */;
/*!40101 SET @OLD_COLLATION_CONNECTION=@@COLLATION_CONNECTION */;
/*!50503 SET NAMES utf8 */;
/*!40103 SET @OLD_TIME_ZONE=@@TIME_ZONE */;
/*!40103 SET TIME_ZONE='+00:00' */;
/*!40014 SET @OLD_UNIQUE_CHECKS=@@UNIQUE_CHECKS, UNIQUE_CHECKS=0 */;
/*!40014 SET @OLD_FOREIGN_KEY_CHECKS=@@FOREIGN_KEY_CHECKS, FOREIGN_KEY_CHECKS=0 */;
/*!40101 SET @OLD_SQL_MODE=@@SQL_MODE, SQL_MODE='NO_AUTO_VALUE_ON_ZERO' */;
/*!40111 SET @OLD_SQL_NOTES=@@SQL_NOTES, SQL_NOTES=0 */;

--
-- Table structure for table `articulo`
--

DROP TABLE IF EXISTS `articulo`;
/*!40101 SET @saved_cs_client     = @@character_set_client */;
/*!50503 SET character_set_client = utf8mb4 */;
CREATE TABLE `articulo` (
  `idarticulo` int NOT NULL AUTO_INCREMENT,
  `idcategoria` int NOT NULL,
  `descripcion` varchar(256) DEFAULT NULL,
  `precio_venta` decimal(11,2) NOT NULL,
  `stock` int NOT NULL,
  `estado` int DEFAULT NULL,
  PRIMARY KEY (`idarticulo`),
  KEY `fk_articulo_categoria` (`idcategoria`),
  CONSTRAINT `fk_articulo_categoria` FOREIGN KEY (`idcategoria`) REFERENCES `categoria` (`idcategoria`)
) ENGINE=InnoDB AUTO_INCREMENT=30 DEFAULT CHARSET=utf8mb4 COLLATE=utf8mb4_0900_ai_ci;
/*!40101 SET character_set_client = @saved_cs_client */;

--
-- Dumping data for table `articulo`
--

LOCK TABLES `articulo` WRITE;
/*!40000 ALTER TABLE `articulo` DISABLE KEYS */;
INSERT INTO `articulo` VALUES (1,1,'DE CHICHA',5.00,5,0),(4,20,'CIELO',2.50,2,0),(5,16,'INKA',3.70,5,0),(6,16,'KOLA',2.50,5,0),(8,19,'RITZ',5.00,2,0),(28,2,'FRITO LAYS',2.50,50,0),(29,1,'DE LIMON',4.00,5,0);
/*!40000 ALTER TABLE `articulo` ENABLE KEYS */;
UNLOCK TABLES;

--
-- Table structure for table `categoria`
--

DROP TABLE IF EXISTS `categoria`;
/*!40101 SET @saved_cs_client     = @@character_set_client */;
/*!50503 SET character_set_client = utf8mb4 */;
CREATE TABLE `categoria` (
  `idcategoria` int NOT NULL AUTO_INCREMENT,
  `descripcion` varchar(256) DEFAULT NULL,
  `estado` bit(1) DEFAULT NULL,
  PRIMARY KEY (`idcategoria`)
) ENGINE=InnoDB AUTO_INCREMENT=21 DEFAULT CHARSET=utf8mb4 COLLATE=utf8mb4_0900_ai_ci;
/*!40101 SET character_set_client = @saved_cs_client */;

--
-- Dumping data for table `categoria`
--

LOCK TABLES `categoria` WRITE;
/*!40000 ALTER TABLE `categoria` DISABLE KEYS */;
INSERT INTO `categoria` VALUES (1,'CARAMELOS',_binary '\0'),(2,'PAPAS',_binary '\0'),(16,'BEBIDAS',_binary '\0'),(17,'FRIOS',_binary '\0'),(19,'GALLETAS',_binary '\0'),(20,'AGUAS',_binary '\0');
/*!40000 ALTER TABLE `categoria` ENABLE KEYS */;
UNLOCK TABLES;

--
-- Table structure for table `cliente`
--

DROP TABLE IF EXISTS `cliente`;
/*!40101 SET @saved_cs_client     = @@character_set_client */;
/*!50503 SET character_set_client = utf8mb4 */;
CREATE TABLE `cliente` (
  `idcliente` int NOT NULL AUTO_INCREMENT,
  `tipo_cliente` varchar(20) NOT NULL,
  `nombres` varchar(50) NOT NULL,
  `apellidos` varchar(50) NOT NULL,
  `tipo_documento` varchar(20) DEFAULT NULL,
  `num_documento` varchar(20) DEFAULT NULL,
  `direccion` varchar(70) DEFAULT NULL,
  `telefono` varchar(20) DEFAULT NULL,
  `email` varchar(50) DEFAULT NULL,
  PRIMARY KEY (`idcliente`)
) ENGINE=InnoDB AUTO_INCREMENT=7 DEFAULT CHARSET=utf8mb4 COLLATE=utf8mb4_0900_ai_ci;
/*!40101 SET character_set_client = @saved_cs_client */;

--
-- Dumping data for table `cliente`
--

LOCK TABLES `cliente` WRITE;
/*!40000 ALTER TABLE `cliente` DISABLE KEYS */;
INSERT INTO `cliente` VALUES (1,'Natural','Cesar','Valdiviezo','DNI','48135445','Av Angamos 123','946123456','cesar@gmail.com'),(2,'Natural','chiki','boy','DNI','12345678','PitufiLandia','123456789','chikiboy@gmail.com'),(3,'Juridico','Angel','EL Gordo, EL Inge','DNI','13245678','El Camal','12345678','elinge@gmail.com'),(5,'Natural','Arturo','Dávila','DNI','12345678','Al lado de la pisicina ','123456789','adavila@gmail.com');
/*!40000 ALTER TABLE `cliente` ENABLE KEYS */;
UNLOCK TABLES;

--
-- Table structure for table `detalle_venta`
--

DROP TABLE IF EXISTS `detalle_venta`;
/*!40101 SET @saved_cs_client     = @@character_set_client */;
/*!50503 SET character_set_client = utf8mb4 */;
CREATE TABLE `detalle_venta` (
  `iddetalle_venta` int NOT NULL AUTO_INCREMENT,
  `idventa` int NOT NULL,
  `idarticulo` int NOT NULL,
  `cantidad` int NOT NULL,
  `precio` decimal(11,2) NOT NULL,
  PRIMARY KEY (`iddetalle_venta`),
  KEY `detalle_venta` (`idventa`),
  KEY `fk_detalle_articulo` (`idarticulo`),
  CONSTRAINT `detalle_venta` FOREIGN KEY (`idventa`) REFERENCES `venta` (`idventa`),
  CONSTRAINT `fk_detalle_articulo` FOREIGN KEY (`idarticulo`) REFERENCES `articulo` (`idarticulo`)
) ENGINE=InnoDB AUTO_INCREMENT=13 DEFAULT CHARSET=utf8mb4 COLLATE=utf8mb4_0900_ai_ci;
/*!40101 SET character_set_client = @saved_cs_client */;

--
-- Dumping data for table `detalle_venta`
--

LOCK TABLES `detalle_venta` WRITE;
/*!40000 ALTER TABLE `detalle_venta` DISABLE KEYS */;
INSERT INTO `detalle_venta` VALUES (1,1,1,2,12.50),(2,1,1,2,12.00),(3,1,4,2,50.50),(4,1,1,5,12.00),(5,1,1,5,12.00),(6,1,1,2,12.00),(7,1,1,2,12.00),(8,2,1,2,12.00),(9,3,1,2,12.00),(10,4,1,2,12.00),(11,5,4,2,50.50),(12,6,5,2,10.00);
/*!40000 ALTER TABLE `detalle_venta` ENABLE KEYS */;
UNLOCK TABLES;

--
-- Table structure for table `entrega_producto`
--

DROP TABLE IF EXISTS `entrega_producto`;
/*!40101 SET @saved_cs_client     = @@character_set_client */;
/*!50503 SET character_set_client = utf8mb4 */;
CREATE TABLE `entrega_producto` (
  `identrega` int NOT NULL AUTO_INCREMENT,
  `idventa` int NOT NULL,
  `fecha_hora` datetime NOT NULL,
  `estado` bit(1) DEFAULT NULL,
  PRIMARY KEY (`identrega`),
  KEY `idventa` (`idventa`),
  CONSTRAINT `entrega_producto_ibfk_1` FOREIGN KEY (`idventa`) REFERENCES `venta` (`idventa`)
) ENGINE=InnoDB AUTO_INCREMENT=2 DEFAULT CHARSET=utf8mb4 COLLATE=utf8mb4_0900_ai_ci;
/*!40101 SET character_set_client = @saved_cs_client */;

--
-- Dumping data for table `entrega_producto`
--

LOCK TABLES `entrega_producto` WRITE;
/*!40000 ALTER TABLE `entrega_producto` DISABLE KEYS */;
INSERT INTO `entrega_producto` VALUES (1,1,'2022-09-25 00:00:00',_binary '');
/*!40000 ALTER TABLE `entrega_producto` ENABLE KEYS */;
UNLOCK TABLES;

--
-- Table structure for table `menu`
--

DROP TABLE IF EXISTS `menu`;
/*!40101 SET @saved_cs_client     = @@character_set_client */;
/*!50503 SET character_set_client = utf8mb4 */;
CREATE TABLE `menu` (
  `id_menu` int NOT NULL,
  `nombre` varchar(45) DEFAULT 'nombre',
  `url` varchar(45) DEFAULT 'url',
  PRIMARY KEY (`id_menu`)
) ENGINE=InnoDB DEFAULT CHARSET=utf8mb4 COLLATE=utf8mb4_0900_ai_ci;
/*!40101 SET character_set_client = @saved_cs_client */;

--
-- Dumping data for table `menu`
--

LOCK TABLES `menu` WRITE;
/*!40000 ALTER TABLE `menu` DISABLE KEYS */;
INSERT INTO `menu` VALUES (1,'Articulos','/articulos?accion=listar'),(2,'Categorias','/categorias?accion=listar'),(3,'Usuarios','/usuarios?accion=listar'),(4,'Roles','/roles?accion=listar'),(5,'Clientes','/clientes?accion=listar'),(6,'Ventas','/ventas'),(7,'Entregas','/entregas?accion=listar'),(8,'Programar Entrega','/progra-entrega?accion=listar');
/*!40000 ALTER TABLE `menu` ENABLE KEYS */;
UNLOCK TABLES;

--
-- Table structure for table `menu_rol`
--

DROP TABLE IF EXISTS `menu_rol`;
/*!40101 SET @saved_cs_client     = @@character_set_client */;
/*!50503 SET character_set_client = utf8mb4 */;
CREATE TABLE `menu_rol` (
  `id_menu` int NOT NULL,
  `id_rol` int NOT NULL,
  PRIMARY KEY (`id_menu`,`id_rol`),
  KEY `PK_MENU_ROL_1_idx` (`id_menu`),
  KEY `PK_MENU_ROL_2_idx` (`id_rol`),
  CONSTRAINT `PK_MENU_ROL_1` FOREIGN KEY (`id_menu`) REFERENCES `menu` (`id_menu`),
  CONSTRAINT `PK_MENU_ROL_2` FOREIGN KEY (`id_rol`) REFERENCES `rol` (`idrol`)
) ENGINE=InnoDB DEFAULT CHARSET=utf8mb4 COLLATE=utf8mb4_0900_ai_ci;
/*!40101 SET character_set_client = @saved_cs_client */;

--
-- Dumping data for table `menu_rol`
--

LOCK TABLES `menu_rol` WRITE;
/*!40000 ALTER TABLE `menu_rol` DISABLE KEYS */;
INSERT INTO `menu_rol` VALUES (1,1),(2,1),(3,1),(4,1),(5,1),(5,2),(6,1),(6,2),(7,1),(8,1);
/*!40000 ALTER TABLE `menu_rol` ENABLE KEYS */;
UNLOCK TABLES;

--
-- Table structure for table `rol`
--

DROP TABLE IF EXISTS `rol`;
/*!40101 SET @saved_cs_client     = @@character_set_client */;
/*!50503 SET character_set_client = utf8mb4 */;
CREATE TABLE `rol` (
  `idrol` int NOT NULL AUTO_INCREMENT,
  `nombre` varchar(30) NOT NULL,
  `descripcion` varchar(100) DEFAULT NULL,
  `estado` bit(1) DEFAULT NULL,
  PRIMARY KEY (`idrol`)
) ENGINE=InnoDB AUTO_INCREMENT=9 DEFAULT CHARSET=utf8mb4 COLLATE=utf8mb4_0900_ai_ci;
/*!40101 SET character_set_client = @saved_cs_client */;

--
-- Dumping data for table `rol`
--

LOCK TABLES `rol` WRITE;
/*!40000 ALTER TABLE `rol` DISABLE KEYS */;
INSERT INTO `rol` VALUES (1,'Administrador','Rol que gestiona el sistema mod',_binary '\0'),(2,'Vendedor','Rol que se encarga de Vender mod',_binary '\0'),(6,'Usuario','Rol que se encarga de Vender',_binary '\0');
/*!40000 ALTER TABLE `rol` ENABLE KEYS */;
UNLOCK TABLES;

--
-- Table structure for table `usuario`
--

DROP TABLE IF EXISTS `usuario`;
/*!40101 SET @saved_cs_client     = @@character_set_client */;
/*!50503 SET character_set_client = utf8mb4 */;
CREATE TABLE `usuario` (
  `idusuario` int NOT NULL AUTO_INCREMENT,
  `idrol` int NOT NULL,
  `nombres` varchar(50) NOT NULL,
  `apellidos` varchar(50) NOT NULL,
  `tipo_documento` varchar(20) DEFAULT NULL,
  `num_documento` varchar(20) DEFAULT NULL,
  `direccion` varchar(70) DEFAULT NULL,
  `telefono` varchar(20) DEFAULT NULL,
  `email` varchar(50) NOT NULL,
  `password` varbinary(12) NOT NULL,
  `estado` int DEFAULT NULL,
  PRIMARY KEY (`idusuario`),
  KEY `fk_usuario_rol` (`idrol`),
  CONSTRAINT `fk_usuario_rol` FOREIGN KEY (`idrol`) REFERENCES `rol` (`idrol`)
) ENGINE=InnoDB AUTO_INCREMENT=8 DEFAULT CHARSET=utf8mb4 COLLATE=utf8mb4_0900_ai_ci;
/*!40101 SET character_set_client = @saved_cs_client */;

--
-- Dumping data for table `usuario`
--

LOCK TABLES `usuario` WRITE;
/*!40000 ALTER TABLE `usuario` DISABLE KEYS */;
INSERT INTO `usuario` VALUES (1,2,'Alex','Rosas','DNI','123','Av Alfonso Ugarte','946334466','alex@gmail.com',_binary '123',1),(6,1,'cesar','Marcos','DNI','70026673','Av Alfonso Ugarte 2222','946334466','ces_22@gmail.com',_binary '12345',0),(7,2,'Arturo','Davila','DNI','12345678','san juan','123456789','arturo@gmail.com',_binary '12345',0);
/*!40000 ALTER TABLE `usuario` ENABLE KEYS */;
UNLOCK TABLES;

--
-- Table structure for table `venta`
--

DROP TABLE IF EXISTS `venta`;
/*!40101 SET @saved_cs_client     = @@character_set_client */;
/*!50503 SET character_set_client = utf8mb4 */;
CREATE TABLE `venta` (
  `idventa` int NOT NULL AUTO_INCREMENT,
  `ruc` varchar(11) DEFAULT NULL,
  `tipo_comprobante` varchar(20) NOT NULL,
  `num_comprobante` varchar(10) NOT NULL,
  `idcliente` int NOT NULL,
  `fecha_hora` datetime NOT NULL,
  `impuesto` decimal(4,2) NOT NULL,
  `descuento` decimal(11,2) NOT NULL,
  `total` decimal(11,2) NOT NULL,
  `estado` bit(1) DEFAULT NULL,
  `idusuario` int NOT NULL,
  PRIMARY KEY (`idventa`),
  KEY `idcliente` (`idcliente`),
  KEY `idusuario` (`idusuario`),
  CONSTRAINT `venta_ibfk_1` FOREIGN KEY (`idcliente`) REFERENCES `cliente` (`idcliente`),
  CONSTRAINT `venta_ibfk_2` FOREIGN KEY (`idusuario`) REFERENCES `usuario` (`idusuario`)
) ENGINE=InnoDB AUTO_INCREMENT=7 DEFAULT CHARSET=utf8mb4 COLLATE=utf8mb4_0900_ai_ci;
/*!40101 SET character_set_client = @saved_cs_client */;

--
-- Dumping data for table `venta`
--

LOCK TABLES `venta` WRITE;
/*!40000 ALTER TABLE `venta` DISABLE KEYS */;
INSERT INTO `venta` VALUES (1,'12345678901','Boleta Electronica','0001',1,'2022-04-05 00:00:00',0.18,0.40,100.00,_binary '\0',1),(2,'000000','tipo_comprobante','0002',1,'2023-07-17 18:19:03',4.32,0.00,16.32,_binary '\0',1),(3,'000000','tipo_comprobante','0003',1,'2023-07-17 18:35:38',4.32,0.00,16.32,_binary '\0',1),(4,'000000','tipo_comprobante','0004',1,'2023-07-17 18:36:58',4.32,0.00,16.32,_binary '\0',1),(5,'000000','tipo_comprobante','0005',1,'2023-07-17 18:37:57',18.18,0.00,68.68,_binary '\0',1),(6,'000000','tipo_comprobante','0006',1,'2023-07-17 18:38:53',3.60,0.00,13.60,_binary '\0',1);
/*!40000 ALTER TABLE `venta` ENABLE KEYS */;
UNLOCK TABLES;
/*!40103 SET TIME_ZONE=@OLD_TIME_ZONE */;

/*!40101 SET SQL_MODE=@OLD_SQL_MODE */;
/*!40014 SET FOREIGN_KEY_CHECKS=@OLD_FOREIGN_KEY_CHECKS */;
/*!40014 SET UNIQUE_CHECKS=@OLD_UNIQUE_CHECKS */;
/*!40101 SET CHARACTER_SET_CLIENT=@OLD_CHARACTER_SET_CLIENT */;
/*!40101 SET CHARACTER_SET_RESULTS=@OLD_CHARACTER_SET_RESULTS */;
/*!40101 SET COLLATION_CONNECTION=@OLD_COLLATION_CONNECTION */;
/*!40111 SET SQL_NOTES=@OLD_SQL_NOTES */;

-- Dump completed on 2023-07-17 19:29:04
